term,estimate,std.error,statistic,p.value
(Intercept),1.271607297758186,0.4799776204021464,2.6493053919738534,0.021206229780829557
season,0.11016144650414529,0.19709895358015017,0.5589144158461917,0.5864992962477061
temp,0.3633426260137133,0.22724022916720113,1.5989361890071383,0.1358172231191034
