term,estimate,std.error,statistic,p.value
(Intercept),4.276547077907772,0.06273578824590294,68.1675834078176,0
season,0.16308970639247752,0.010923167403942571,14.930624091104972,5.3942316226198e-50
holiday,-0.20164333400468198,0.07054556344113184,-2.8583418172419486,0.004265368516805964
workingday,-0.0707891151950224,0.025002609157040258,-2.8312691187707317,0.00464347420758443
weathersit,0.1161698653373962,0.0196581809811412,5.909492106560731,3.5174141541595135e-9
temp,2.5676391603825413,0.062002400845624125,41.41193123755876,0
hum,-2.613325205344265,0.068745209010503,-38.01465211844795,5.751712443933678e-300
windspeed,0.5399394947285117,0.097882526278528,5.516199011783735,3.5301722529670135e-8
