partition,fraction,mediant_cnt,mean_cnt,"sd_cnt <- sd(cnt, na.rm = TRUE)"
Train,0.75,143,189.53253030535524,180.9091817098933
Test,0.25,139,189.25477560414268,182.83600401842358
