Adj.R2_with,Adj.R2_without
0.26032120957851845,0.2578714147914618
