Adj.R2_with,Adj.R2_without
0.26139569760252046,0.2594723839647559
